{
  "csv_path": "c:\\Users\\Admin\\Desktop\\msckf-geo\\TD_07\\export\\imu.csv",
  "num_measurements": 2000,
  "dt_median": 0.005285024642944336,
  "dt_min": 0.0020995140075683594,
  "dt_max": 0.0069997310638427734,
  "final_position": [
    5.809189421953886,
    50.683545388517395,
    -2.1717830555983104
  ],
  "final_velocity": [
    0.8105910515835635,
    9.656957855839453,
    -0.49403389311204465
  ],
  "displacement": 51.061581414314105,
  "cov_min_eigenvalue": 1.9875163637357232e-07
}